{"cameraMode":{"drawMode":0,"name":"Shaded","section":"Shading Mode"},"sceneLighting":true,"audioPlay":false,"sceneViewState":{"m_AlwaysRefresh":false,"showFog":true,"showSkybox":true,"showFlares":true,"showImageEffects":true,"showParticleSystems":true,"showVisualEffectGraphs":true,"m_FxEnabled":true},"in2DMode":false,"pivot":{"x":3.7898216247558595,"y":8.388718605041504,"z":23.836742401123048},"rotation":{"x":-0.02130400948226452,"y":0.9530923962593079,"z":-0.29419299960136416,"w":-0.06873790919780731},"size":1.2247449159622193,"orthographic":false}